"url_source","url_target","page_title_target"
"None","https://en.wikipedia.org/wiki/Portal:History","Portal:History - Wikipedia"
"https://en.wikipedia.org/wiki/Portal:History","https://en.wikipedia.org/wiki/Philosophy_of_space_and_time","Philosophy of space and time - Wikipedia"
"https://en.wikipedia.org/wiki/Portal:History","https://en.wikipedia.org/wiki/Template:Social_sciences","Template:Social sciences - Wikipedia"
"https://en.wikipedia.org/wiki/Portal:History","https://en.wikipedia.org/wiki/Portal:History/Did_you_know","Portal:History/Did you know - Wikipedia"
"https://en.wikipedia.org/wiki/Portal:History","https://en.wikipedia.org/wiki/Development_studies","Development studies - Wikipedia"
"https://en.wikipedia.org/wiki/Portal:History","https://en.wikipedia.org/wiki/Category:Historic_preservation","Category:Historic preservation - Wikipedia"
"https://en.wikipedia.org/wiki/Portal:History","https://en.wikipedia.org/wiki/Daylight_saving_time","Daylight saving time - Wikipedia"
"https://en.wikipedia.org/wiki/Portal:History","https://en.wikipedia.org/wiki/Stopwatch","Stopwatch - Wikipedia"
"https://en.wikipedia.org/wiki/Portal:History","https://en.wikipedia.org/wiki/Hourglass","Hourglass - Wikipedia"
"https://en.wikipedia.org/wiki/Portal:History","https://en.wikipedia.org/wiki/George_Cruikshank","George Cruikshank - Wikipedia"
"https://en.wikipedia.org/wiki/Portal:History","https://en.wikipedia.org/wiki/B-theory_of_time","B-theory of time - Wikipedia"
"https://en.wikipedia.org/wiki/Portal:History","https://en.wikipedia.org/wiki/Yesterday_(time)","Yesterday (time) - Wikipedia"
"https://en.wikipedia.org/wiki/Portal:History","https://en.wikipedia.org/wiki/Comparative_politics","Comparative politics - Wikipedia"
"https://en.wikipedia.org/wiki/Portal:History","https://en.wikipedia.org/wiki/Portal:History_of_science","Portal:History of science - Wikipedia"
"https://en.wikipedia.org/wiki/Portal:History","https://en.wikipedia.org/wiki/Philosophy_and_economics","Philosophy and economics - Wikipedia"
"https://en.wikipedia.org/wiki/Portal:History","https://en.wikipedia.org/wiki/Old_Style_and_New_Style_dates","Old Style and New Style dates - Wikipedia"
"https://en.wikipedia.org/wiki/Portal:History","https://en.wikipedia.org/wiki/Anno_Mundi","Anno Mundi - Wikipedia"
"https://en.wikipedia.org/wiki/Portal:History","https://en.wikipedia.org/wiki/Philosophical_presentism","Philosophical presentism - Wikipedia"
"https://en.wikipedia.org/wiki/Portal:History","https://en.wikipedia.org/wiki/Modern_history","History of the world - Wikipedia"
"https://en.wikipedia.org/wiki/Portal:History","https://en.wikipedia.org/wiki/Performing_arts","Performing arts - Wikipedia"
"https://en.wikipedia.org/wiki/Portal:History","https://en.wikipedia.org/wiki/File:Tupolev_Tu-142_Krivchikov_2007.jpg","File:Tupolev Tu-142 Krivchikov 2007.jpg - Wikipedia"
"https://en.wikipedia.org/wiki/Portal:History","https://en.wikipedia.org/wiki/Portal:War","Portal:War - Wikipedia"
"https://en.wikipedia.org/wiki/Portal:History","https://en.wikipedia.org/wiki/Seriation_(archaeology)","Seriation (archaeology) - Wikipedia"
"https://en.wikipedia.org/wiki/Portal:History","https://en.wikipedia.org/wiki/Yuga","Yuga - Wikipedia"
"https://en.wikipedia.org/wiki/Portal:History","https://en.wikipedia.org/wiki/Wikipedia:Requested_pictures","Wikipedia:Requested pictures - Wikipedia"
"https://en.wikipedia.org/wiki/Portal:History","https://en.wikipedia.org/wiki/Hour","Hour - Wikipedia"
"https://en.wikipedia.org/wiki/Portal:History","https://en.wikipedia.org/wiki/Template:Chronology","Template:Chronology - Wikipedia"
"https://en.wikipedia.org/wiki/Portal:History","https://en.wikipedia.org/wiki/Proleptic_Gregorian_calendar","Proleptic Gregorian calendar - Wikipedia"
"https://en.wikipedia.org/wiki/Portal:History","https://en.wikipedia.org/wiki/Area_studies","Area studies - Wikipedia"
"https://en.wikipedia.org/wiki/Portal:History","https://en.wikipedia.org/wiki/Political_cartoonist","Editorial cartoonist - Wikipedia"
"https://en.wikipedia.org/wiki/Portal:History","https://en.wikipedia.org/wiki/Category:Historical_timelines","Category:Historical timelines - Wikipedia"
"https://en.wikipedia.org/wiki/Portal:History","https://en.wikipedia.org/wiki/Template_talk:Time_topics","Template talk:Time topics - Wikipedia"
"https://en.wikipedia.org/wiki/Portal:History","https://en.wikipedia.org/wiki/File:Ehime_Maru_divers.jpg","File:Ehime Maru divers.jpg - Wikipedia"
"https://en.wikipedia.org/wiki/Portal:History","https://en.wikipedia.org/wiki/Visual_arts","Visual arts - Wikipedia"
"https://en.wikipedia.org/wiki/Portal:History","https://en.wikipedia.org/wiki/Portal:Contents/Portals#Geography_and_places","Wikipedia:Contents/Portals - Wikipedia"
"https://en.wikipedia.org/wiki/Portal:History","https://en.wikipedia.org/wiki/12-hour_clock","12-hour clock - Wikipedia"
"https://en.wikipedia.org/wiki/Portal:History","https://en.wikipedia.org/wiki/Wikipedia:ASSISTED","Wikipedia:Bot policy - Wikipedia"
"https://en.wikipedia.org/wiki/Portal:History","https://en.wikipedia.org/wiki/Hexadecimal_time","Hexadecimal time - Wikipedia"
"https://en.wikipedia.org/wiki/Portal:History","https://en.wikipedia.org/wiki/Roman_calendar","Roman calendar - Wikipedia"
"https://en.wikipedia.org/wiki/Portal:History","https://en.wikipedia.org/wiki/Cricket_pitch","Cricket pitch - Wikipedia"
"https://en.wikipedia.org/wiki/Portal:History","https://en.wikipedia.org/wiki/Time_management","Time management - Wikipedia"
"https://en.wikipedia.org/wiki/Portal:History","https://en.wikipedia.org/wiki/Macroeconomics","Macroeconomics - Wikipedia"
"https://en.wikipedia.org/wiki/Portal:History","https://en.wikipedia.org/wiki/Portal:Contents/Portals#Society_and_social_sciences","Wikipedia:Contents/Portals - Wikipedia"
"https://en.wikipedia.org/wiki/Portal:History","https://en.wikipedia.org/wiki/Category:Oral_history","Category:Oral history - Wikipedia"
"https://en.wikipedia.org/wiki/Portal:History","https://en.wikipedia.org/wiki/Radiocarbon_dating","Radiocarbon dating - Wikipedia"
"https://en.wikipedia.org/wiki/Portal:History","https://en.wikipedia.org/wiki/Portal:Contents/Portals#Mathematics_and_logic","Wikipedia:Contents/Portals - Wikipedia"
"https://en.wikipedia.org/wiki/Portal:History","https://en.wikipedia.org/wiki/Gender_studies","Gender studies - Wikipedia"
"https://en.wikipedia.org/wiki/Portal:History","https://en.wikipedia.org/wiki/Anthropology","Anthropology - Wikipedia"
"https://en.wikipedia.org/wiki/Portal:History","https://en.wikipedia.org/wiki/Political_science","Political science - Wikipedia"
"https://en.wikipedia.org/wiki/Portal:History","https://en.wikipedia.org/wiki/Cultural_studies","Cultural studies - Wikipedia"
"https://en.wikipedia.org/wiki/Portal:History","https://en.wikipedia.org/wiki/Iranian_calendars","Iranian calendars - Wikipedia"
"https://en.wikipedia.org/wiki/Portal:History","https://en.wikipedia.org/wiki/Kaal","Kaal - Wikipedia"
"https://en.wikipedia.org/wiki/Portal:History","https://en.wikipedia.org/wiki/Portal:History/Featured_article","Portal:History/Featured article - Wikipedia"
"https://en.wikipedia.org/wiki/Portal:History","https://en.wikipedia.org/wiki/Astronomical_year_numbering","Astronomical year numbering - Wikipedia"
"https://en.wikipedia.org/wiki/Portal:History","https://en.wikipedia.org/wiki/List_of_social_science_journals","List of social science journals - Wikipedia"
"https://en.wikipedia.org/wiki/Portal:History","https://en.wikipedia.org/wiki/Time-based_currency","Time-based currency - Wikipedia"
"https://en.wikipedia.org/wiki/Portal:History","https://en.wikipedia.org/wiki/Floruit","Floruit - Wikipedia"
"https://en.wikipedia.org/wiki/Portal:History","https://en.wikipedia.org/wiki/Knowledge","Knowledge - Wikipedia"
"https://en.wikipedia.org/wiki/Portal:History","https://en.wikipedia.org/wiki/Absolute_space_and_time","Absolute space and time - Wikipedia"
"https://en.wikipedia.org/wiki/Portal:History","https://en.wikipedia.org/wiki/Indian_independence_movement","Indian independence movement - Wikipedia"
"https://en.wikipedia.org/wiki/Portal:History","https://en.wikipedia.org/wiki/New_Earth_Time","New Earth Time - Wikipedia"
"https://en.wikipedia.org/wiki/Portal:History","https://en.wikipedia.org/wiki/Jonathan_Wild","Jonathan Wild - Wikipedia"
"https://en.wikipedia.org/wiki/Portal:History","https://en.wikipedia.org/wiki/Wikipedia:WikiProject_Jewish_history","Wikipedia:WikiProject Jewish history - Wikipedia"
"https://en.wikipedia.org/wiki/Portal:History","https://en.wikipedia.org/wiki/Category:Historic_volcanic_events","Category:Historic volcanic events - Wikipedia"
"https://en.wikipedia.org/wiki/Portal:History","https://en.wikipedia.org/wiki/Holocene_calendar","Holocene calendar - Wikipedia"
"https://en.wikipedia.org/wiki/Portal:History","https://en.wikipedia.org/wiki/Hope_Diamond","Hope Diamond - Wikipedia"
"https://en.wikipedia.org/wiki/Portal:History","https://en.wikipedia.org/wiki/2001","2001 - Wikipedia"
"https://en.wikipedia.org/wiki/Portal:History","https://en.wikipedia.org/w/index.php?title=Portal%3AHistory%2FFeatured_biography%2F16&action=edit","Editing Portal:History/Featured biography/16 - Wikipedia"
"https://en.wikipedia.org/wiki/Portal:History","https://en.wikipedia.org/wiki/Hebrew_calendar","Hebrew calendar - Wikipedia"
"https://en.wikipedia.org/wiki/Portal:History","https://en.wikipedia.org/wiki/Epoch_(geology)","Epoch (geology) - Wikipedia"
"https://en.wikipedia.org/wiki/Portal:History","https://en.wikipedia.org/wiki/Personality_psychology","Personality psychology - Wikipedia"
"https://en.wikipedia.org/wiki/Portal:History","https://en.wikipedia.org/wiki/File:Herodotus_Massimo_Inv124478.jpg","File:Herodotus Massimo Inv124478.jpg - Wikipedia"
"https://en.wikipedia.org/wiki/Portal:History","https://en.wikipedia.org/wiki/Jack_Sheppard","Jack Sheppard - Wikipedia"
"https://en.wikipedia.org/wiki/Portal:History","https://en.wikipedia.org/wiki/Time_discipline","Time discipline - Wikipedia"
"https://en.wikipedia.org/wiki/Portal:History","https://en.wikipedia.org/wiki/Business_Administration","Business administration - Wikipedia"
"https://en.wikipedia.org/wiki/Portal:History","https://en.wikipedia.org/wiki/Byzantine_calendar","Byzantine calendar - Wikipedia"
"https://en.wikipedia.org/wiki/Portal:History","https://en.wikipedia.org/wiki/Cognitive_psychology","Cognitive psychology - Wikipedia"
"https://en.wikipedia.org/wiki/Portal:History","https://en.wikipedia.org/wiki/Category:Philosophy_of_history","Category:Philosophy of history - Wikipedia"
"https://en.wikipedia.org/wiki/Portal:History","https://en.wikipedia.org/wiki/Category:History_by_period","Category:History by period - Wikipedia"
"https://en.wikipedia.org/wiki/Portal:History","https://en.wikipedia.org/wiki/Category:History_by_location","Category:History by location - Wikipedia"
"https://en.wikipedia.org/wiki/Portal:History","https://en.wikipedia.org/wiki/Carpe_diem","Carpe diem - Wikipedia"
"https://en.wikipedia.org/wiki/Portal:History","https://en.wikipedia.org/wiki/Canon_of_Kings","Canon of Kings - Wikipedia"
"https://en.wikipedia.org/wiki/Portal:History","https://en.wikipedia.org/wiki/Time-tracking_software","Time-tracking software - Wikipedia"
"https://en.wikipedia.org/wiki/Portal:History","https://en.wikipedia.org/wiki/File:Group_people_icon.svg","File:Group people icon.svg - Wikipedia"
"https://en.wikipedia.org/wiki/Portal:History","https://en.wikipedia.org/wiki/Joan_Mir%C3%B3","Joan Miró - Wikipedia"
"https://en.wikipedia.org/wiki/Portal:History","https://en.wikipedia.org/wiki/Leap_second","Leap second - Wikipedia"
"https://en.wikipedia.org/wiki/Portal:History","https://en.wikipedia.org/wiki/Tupolev_Tu-142","Tupolev Tu-142 - Wikipedia"
"https://en.wikipedia.org/wiki/Portal:History","https://en.wikipedia.org/wiki/Literature","Literature - Wikipedia"
"https://en.wikipedia.org/wiki/Portal:History","https://en.wikipedia.org/wiki/King_Arthur","King Arthur - Wikipedia"
"https://en.wikipedia.org/wiki/Portal:History","https://en.wikipedia.org/wiki/Glottochronology","Glottochronology - Wikipedia"
"https://en.wikipedia.org/wiki/Portal:History","https://en.wikipedia.org/wiki/Wikipedia:About","Wikipedia:About - Wikipedia"
"https://en.wikipedia.org/wiki/Portal:History","https://en.wikipedia.org/wiki/Billy_Murdoch","Billy Murdoch - Wikipedia"
"https://en.wikipedia.org/wiki/Portal:History","https://en.wikipedia.org/wiki/File:Social_sciences.svg","File:Social sciences.svg - Wikipedia"
"https://en.wikipedia.org/wiki/Portal:History","https://en.wikipedia.org/wiki/Herodotus","Herodotus - Wikipedia"
"https://en.wikipedia.org/wiki/Portal:History","https://en.wikipedia.org/wiki/File:Darkgreen_flag_waving.svg","File:Darkgreen flag waving.svg - Wikipedia"
"https://en.wikipedia.org/wiki/Portal:History","https://en.wikipedia.org/wiki/Portal:Current_events","Portal:Current events - Wikipedia"
"https://en.wikipedia.org/wiki/Portal:History","https://en.wikipedia.org/wiki/Category:History_awards","Category:History awards - Wikipedia"
"https://en.wikipedia.org/wiki/Portal:History","https://en.wikipedia.org/wiki/Incremental_dating","Incremental dating - Wikipedia"
"https://en.wikipedia.org/wiki/Portal:History","https://en.wikipedia.org/wiki/Calendar","Calendar - Wikipedia"
"https://en.wikipedia.org/wiki/Portal:History","https://en.wikipedia.org/wiki/Era_of_Caesar_(Iberian_Peninsula)","Spanish era - Wikipedia"
